State,County,TotalPop
Alabama,Autauga,55221
Alabama,Baldwin,195121
Alabama,Barbour,26932
Alabama,Bibb,22604
Alabama,Blount,57710
Alabama,Bullock,10678
Alabama,Butler,20354
Alabama,Calhoun,116648
Alabama,Chambers,34079
Alabama,Cherokee,26008
Alabama,Chilton,43819
Alabama,Choctaw,13395
Alabama,Clarke,25070
Alabama,Clay,13537
Alabama,Cleburne,15002
Alabama,Coffee,50884
Alabama,Colbert,54444
Alabama,Conecuh,12865
Alabama,Coosa,11027
Alabama,Covington,37886
Alabama,Crenshaw,13938
Alabama,Cullman,80965
Alabama,Dale,49866
Alabama,Dallas,42154
Alabama,DeKalb,71068
Alabama,Elmore,80763
Alabama,Escambia,37935
Alabama,Etowah,103766
Alabama,Fayette,16896
Alabama,Franklin,31634
Alabama,Geneva,26815
Alabama,Greene,8697
Alabama,Hale,15256
Alabama,Henry,17252
Alabama,Houston,103534
Alabama,Jackson,52860
Alabama,Jefferson,659026
Alabama,Lamar,14133
Alabama,Lauderdale,92737
Alabama,Lawrence,33586
Alabama,Lee,150982
Alabama,Limestone,88805
Alabama,Lowndes,10742
Alabama,Macon,20018
Alabama,Madison,346438
Alabama,Marengo,20306
Alabama,Marion,30387
Alabama,Marshall,94318
Alabama,Mobile,414251
Alabama,Monroe,22217
Alabama,Montgomery,228138
Alabama,Morgan,119786
Alabama,Perry,10038
Alabama,Pickens,19856
Alabama,Pike,33155
Alabama,Randolph,22648
Alabama,Russell,58302
Alabama,St. Clair,85864
Alabama,Shelby,203530
Alabama,Sumter,13341
Alabama,Talladega,81437
Alabama,Tallapoosa,41153
Alabama,Tuscaloosa,200458
Alabama,Walker,65923
Alabama,Washington,16997
Alabama,Wilcox,11235
Alabama,Winston,24130
Alaska,Aleutians East Borough,3304
Alaska,Aleutians West Census Area,5684
Alaska,Anchorage Municipality,299107
Alaska,Bethel Census Area,17776
Alaska,Bristol Bay Borough,970
Alaska,Denali Borough,2060
Alaska,Dillingham Census Area,4979
Alaska,Fairbanks North Star Borough,99705
Alaska,Haines Borough,2560
Alaska,Hoonah-Angoon Census Area,2128
Alaska,Juneau City and Borough,32531
Alaska,Kenai Peninsula Borough,57221
Alaska,Ketchikan Gateway Borough,13699
Alaska,Kodiak Island Borough,13973
Alaska,Kusilvak Census Area,7914
Alaska,Lake and Peninsula Borough,1474
Alaska,Matanuska-Susitna Borough,96178
Alaska,Nome Census Area,9854
Alaska,North Slope Borough,9667
Alaska,Northwest Arctic Borough,7732
Alaska,Petersburg Borough,3221
Alaska,Prince of Wales-Hyder Census Area,6376
Alaska,Sitka City and Borough,8943
Alaska,Skagway Municipality,999
Alaska,Southeast Fairbanks Census Area,7029
Alaska,Valdez-Cordova Census Area,9617
Alaska,Wrangell City and Borough,2387
Alaska,Yakutat City and Borough,643
Alaska,Yukon-Koyukuk Census Area,5644
Arizona,Apache,72124
Arizona,Cochise,129647
Arizona,Coconino,136701
Arizona,Gila,53165
Arizona,Graham,37407
Arizona,Greenlee,9023
Arizona,La Paz,20335
Arizona,Maricopa,4018143
Arizona,Mohave,203362
Arizona,Navajo,107656
Arizona,Pima,998537
Arizona,Pinal,389772
Arizona,Santa Cruz,47073
Arizona,Yavapai,215996
Arizona,Yuma,202987
Arkansas,Arkansas,18731
Arkansas,Ashley,21229
Arkansas,Baxter,41040
Arkansas,Benton,238198
Arkansas,Boone,37227
Arkansas,Bradley,11206
Arkansas,Calhoun,5245
Arkansas,Carroll,27635
Arkansas,Chicot,11353
Arkansas,Clark,22751
Arkansas,Clay,15400
Arkansas,Cleburne,25711
Arkansas,Cleveland,8510
Arkansas,Columbia,24327
Arkansas,Conway,21110
Arkansas,Craighead,101409
Arkansas,Crawford,61748
Arkansas,Crittenden,49765
Arkansas,Cross,17467
Arkansas,Dallas,7868
Arkansas,Desha,12379
Arkansas,Drew,18740
Arkansas,Faulkner,119343
Arkansas,Franklin,17866
Arkansas,Fulton,12224
Arkansas,Garland,96954
Arkansas,Grant,18054
Arkansas,Greene,43382
Arkansas,Hempstead,22336
Arkansas,Hot Spring,33316
Arkansas,Howard,13555
Arkansas,Independence,36952
Arkansas,Izard,13480
Arkansas,Jackson,17597
Arkansas,Jefferson,73548
Arkansas,Johnson,25930
Arkansas,Lafayette,7270
Arkansas,Lawrence,17029
Arkansas,Lee,9966
Arkansas,Lincoln,14062
Arkansas,Little River,12720
Arkansas,Logan,22001
Arkansas,Lonoke,70691
Arkansas,Madison,15702
Arkansas,Marion,16458
Arkansas,Miller,43652
Arkansas,Mississippi,44864
Arkansas,Monroe,7713
Arkansas,Montgomery,9197
Arkansas,Nevada,8793
Arkansas,Newton,8052
Arkansas,Ouachita,25044
Arkansas,Perry,10300
Arkansas,Phillips,20391
Arkansas,Pike,11087
Arkansas,Poinsett,24210
Arkansas,Polk,20364
Arkansas,Pope,62830
Arkansas,Prairie,8402
Arkansas,Pulaski,390463
Arkansas,Randolph,17695
Arkansas,St. Francis,27345
Arkansas,Saline,113833
Arkansas,Scott,10870
Arkansas,Searcy,7965
Arkansas,Sebastian,127273
Arkansas,Sevier,17268
Arkansas,Sharp,17055
Arkansas,Stone,12512
Arkansas,Union,40633
Arkansas,Van Buren,17002
Arkansas,Washington,216432
Arkansas,White,78660
Arkansas,Woodruff,6983
Arkansas,Yell,21835
California,Alameda,1584983
California,Alpine,1131
California,Amador,36995
California,Butte,222564
California,Calaveras,44767
California,Colusa,21396
California,Contra Costa,1096068
California,Del Norte,27788
California,El Dorado,182093
California,Fresno,956749
California,Glenn,28029
California,Humboldt,135034
California,Imperial,178206
California,Inyo,18373
California,Kern,865736
California,Kings,150998
California,Lake,64158
California,Lassen,32645
California,Los Angeles,10038388
California,Madera,153187
California,Marin,258349
California,Mariposa,17789
California,Mendocino,87544
California,Merced,263885
California,Modoc,9184
California,Mono,14146
California,Monterey,428441
California,Napa,140295
California,Nevada,98570
California,Orange,3116069
California,Placer,366280
California,Plumas,18966
California,Riverside,2298032
California,Sacramento,1465832
California,San Benito,57557
California,San Bernardino,2094769
California,San Diego,3223096
California,San Francisco,840763
California,San Joaquin,708554
California,San Luis Obispo,276517
California,San Mateo,748731
California,Santa Barbara,435850
California,Santa Clara,1868149
California,Santa Cruz,269278
California,Shasta,178942
California,Sierra,3021
California,Siskiyou,43895
California,Solano,425753
California,Sonoma,495078
California,Stanislaus,527367
California,Sutter,95247
California,Tehama,63152
California,Trinity,13373
California,Tulare,454033
California,Tuolumne,54079
California,Ventura,840833
California,Yolo,207320
California,Yuba,73437
Colorado,Adams,471206
Colorado,Alamosa,16269
Colorado,Arapahoe,608310
Colorado,Archuleta,12174
Colorado,Baca,3701
Colorado,Bent,5895
Colorado,Boulder,310032
Colorado,Broomfield,60699
Colorado,Chaffee,18309
Colorado,Cheyenne,2002
Colorado,Clear Creek,9136
Colorado,Conejos,8249
Colorado,Costilla,3581
Colorado,Crowley,5551
Colorado,Custer,4303
Colorado,Delta,30214
Colorado,Denver,649654
Colorado,Dolores,1862
Colorado,Douglas,306974
Colorado,Eagle,52576
Colorado,Elbert,23855
Colorado,El Paso,655024
Colorado,Fremont,46809
Colorado,Garfield,57076
Colorado,Gilpin,5605
Colorado,Grand,14411
Colorado,Gunnison,15651
Colorado,Hinsdale,874
Colorado,Huerfano,6502
Colorado,Jackson,1335
Colorado,Jefferson,552344
Colorado,Kiowa,1463
Colorado,Kit Carson,7980
Colorado,Lake,7362
Colorado,La Plata,53182
Colorado,Larimer,318227
Colorado,Las Animas,14503
Colorado,Lincoln,5478
Colorado,Logan,21928
Colorado,Mesa,147834
Colorado,Mineral,733
Colorado,Moffat,13117
Colorado,Montezuma,25700
Colorado,Montrose,40815
Colorado,Morgan,28359
Colorado,Otero,18572
Colorado,Ouray,4580
Colorado,Park,16189
Colorado,Phillips,4371
Colorado,Pitkin,17420
Colorado,Prowers,12235
Colorado,Pueblo,161519
Colorado,Rio Blanco,6712
Colorado,Rio Grande,11745
Colorado,Routt,23606
Colorado,Saguache,6238
Colorado,San Juan,606
Colorado,San Miguel,7676
Colorado,Sedgwick,2365
Colorado,Summit,28940
Colorado,Teller,23340
Colorado,Washington,4795
Colorado,Weld,270948
Colorado,Yuma,10185
Connecticut,Fairfield,939983
Connecticut,Hartford,896943
Connecticut,Litchfield,186304
Connecticut,Middlesex,165165
Connecticut,New Haven,862224
Connecticut,New London,273185
Connecticut,Tolland,151948
Connecticut,Windham,117470
Delaware,Kent,169509
Delaware,New Castle,549643
Delaware,Sussex,207302
District of Columbia,District of Columbia,647484
Florida,Alachua,254218
Florida,Baker,27135
Florida,Bay,175353
Florida,Bradford,27223
Florida,Brevard,553591
Florida,Broward,1843152
Florida,Calhoun,14615
Florida,Charlotte,165783
Florida,Citrus,139654
Florida,Clay,197417
Florida,Collier,341091
Florida,Columbia,67806
Florida,DeSoto,34957
Florida,Dixie,16091
Florida,Duval,890673
Florida,Escambia,306327
Florida,Flagler,100783
Florida,Franklin,11628
Florida,Gadsden,46424
Florida,Gilchrist,16992
Florida,Glades,13272
Florida,Gulf,15785
Florida,Hamilton,14395
Florida,Hardee,27468
Florida,Hendry,38363
Florida,Hernando,174809
Florida,Highlands,98328
Florida,Hillsborough,1302884
Florida,Holmes,19635
Florida,Indian River,142866
Florida,Jackson,48900
Florida,Jefferson,14198
Florida,Lafayette,8801
Florida,Lake,310561
Florida,Lee,663675
Florida,Leon,282940
Florida,Levy,39821
Florida,Liberty,8295
Florida,Madison,18729
Florida,Manatee,343729
Florida,Marion,336811
Florida,Martin,151586
Florida,Miami-Dade,2639042
Florida,Monroe,75901
Florida,Nassau,75880
Florida,Okaloosa,192237
Florida,Okeechobee,39255
Florida,Orange,1229039
Florida,Osceola,300870
Florida,Palm Beach,1378806
Florida,Pasco,479288
Florida,Pinellas,931477
Florida,Polk,626676
Florida,Putnam,72696
Florida,St. Johns,210495
Florida,St. Lucie,288006
Florida,Santa Rosa,161021
Florida,Sarasota,392038
Florida,Seminole,437346
Florida,Sumter,108501
Florida,Suwannee,43595
Florida,Taylor,22685
Florida,Union,15191
Florida,Volusia,503719
Florida,Wakulla,31128
Florida,Walton,59487
Florida,Washington,24629
Georgia,Appling,18417
Georgia,Atkinson,8294
Georgia,Bacon,11222
Georgia,Baker,3292
Georgia,Baldwin,45795
Georgia,Banks,18336
Georgia,Barrow,72012
Georgia,Bartow,101336
Georgia,Ben Hill,17477
Georgia,Berrien,19019
Georgia,Bibb,154816
Georgia,Bleckley,12746
Georgia,Brantley,18452
Georgia,Brooks,15637
Georgia,Bryan,33151
Georgia,Bulloch,72386
Georgia,Burke,23007
Georgia,Butts,23445
Georgia,Calhoun,6489
Georgia,Camden,51445
Georgia,Candler,11031
Georgia,Carroll,112595
Georgia,Catoosa,65375
Georgia,Charlton,13130
Georgia,Chatham,279290
Georgia,Chattahoochee,11914
Georgia,Chattooga,25241
Georgia,Cherokee,225944
Georgia,Clarke,120905
Georgia,Clay,3104
Georgia,Clayton,267234
Georgia,Clinch,6791
Georgia,Cobb,719133
Georgia,Coffee,43003
Georgia,Colquitt,46024
Georgia,Columbia,136204
Georgia,Cook,17033
Georgia,Coweta,133416
Georgia,Crawford,12539
Georgia,Crisp,23314
Georgia,Dade,16445
Georgia,Dawson,22673
Georgia,Decatur,27378
Georgia,DeKalb,716331
Georgia,Dodge,21180
Georgia,Dooly,14293
Georgia,Dougherty,93310
Georgia,Douglas,136520
Georgia,Early,10579
Georgia,Echols,4048
Georgia,Effingham,54630
Georgia,Elbert,19537
Georgia,Emanuel,22731
Georgia,Evans,10814
Georgia,Fannin,23742
Georgia,Fayette,108655
Georgia,Floyd,96169
Georgia,Forsyth,196236
Georgia,Franklin,22110
Georgia,Fulton,983903
Georgia,Gilmer,28673
Georgia,Glascock,3087
Georgia,Glynn,81743
Georgia,Gordon,55889
Georgia,Grady,25243
Georgia,Greene,16331
Georgia,Gwinnett,859234
Georgia,Habersham,43527
Georgia,Hall,187916
Georgia,Hancock,8881
Georgia,Haralson,28565
Georgia,Harris,32776
Georgia,Hart,25498
Georgia,Heard,11617
Georgia,Henry,211512
Georgia,Houston,147570
Georgia,Irwin,9408
Georgia,Jackson,61420
Georgia,Jasper,13593
Georgia,Jeff Davis,14990
Georgia,Jefferson,16374
Georgia,Jenkins,8922
Georgia,Johnson,9794
Georgia,Jones,28738
Georgia,Lamar,18114
Georgia,Lanier,10403
Georgia,Laurens,47886
Georgia,Lee,28946
Georgia,Liberty,64427
Georgia,Lincoln,7720
Georgia,Long,16588
Georgia,Lowndes,113203
Georgia,Lumpkin,30921
Georgia,McDuffie,21582
Georgia,McIntosh,14007
Georgia,Macon,14045
Georgia,Madison,28232
Georgia,Marion,8739
Georgia,Meriwether,21297
Georgia,Miller,5936
Georgia,Mitchell,22982
Georgia,Monroe,26915
Georgia,Montgomery,8968
Georgia,Morgan,17900
Georgia,Murray,39401
Georgia,Muscogee,200285
Georgia,Newton,102645
Georgia,Oconee,34400
Georgia,Oglethorpe,14688
Georgia,Paulding,147400
Georgia,Peach,27086
Georgia,Pickens,29740
Georgia,Pierce,18934
Georgia,Pike,17812
Georgia,Polk,41215
Georgia,Pulaski,11590
Georgia,Putnam,21247
Georgia,Quitman,2326
Georgia,Rabun,16266
Georgia,Randolph,7315
Georgia,Richmond,201291
Georgia,Rockdale,86901
Georgia,Schley,5074
Georgia,Screven,14206
Georgia,Seminole,8769
Georgia,Spalding,63873
Georgia,Stephens,25620
Georgia,Stewart,5868
Georgia,Sumter,31429
Georgia,Talbot,6490
Georgia,Taliaferro,1721
Georgia,Tattnall,25302
Georgia,Taylor,8401
Georgia,Telfair,16416
Georgia,Terrell,9213
Georgia,Thomas,44824
Georgia,Tift,40787
Georgia,Toombs,27210
Georgia,Towns,10800
Georgia,Treutlen,6762
Georgia,Troup,68867
Georgia,Turner,8338
Georgia,Twiggs,8509
Georgia,Union,21725
Georgia,Upson,26528
Georgia,Walker,68285
Georgia,Walton,86201
Georgia,Ware,35723
Georgia,Warren,5561
Georgia,Washington,20785
Georgia,Wayne,30046
Georgia,Webster,2720
Georgia,Wheeler,7956
Georgia,White,27791
Georgia,Whitfield,103456
Georgia,Wilcox,8972
Georgia,Wilkes,9991
Georgia,Wilkinson,9386
Georgia,Worth,21156
Hawaii,Hawaii,191482
Hawaii,Honolulu,984178
Hawaii,Kalawao,85
Hawaii,Kauai,69691
Hawaii,Maui,160863
Idaho,Ada,417501
Idaho,Adams,3880
Idaho,Bannock,83604
Idaho,Bear Lake,5939
Idaho,Benewah,9088
Idaho,Bingham,45407
Idaho,Blaine,21309
Idaho,Boise,6885
Idaho,Bonner,41066
Idaho,Bonneville,107788
Idaho,Boundary,10961
Idaho,Butte,2653
Idaho,Camas,1052
Idaho,Canyon,198921
Idaho,Caribou,6808
Idaho,Cassia,23369
Idaho,Clark,901
Idaho,Clearwater,8560
Idaho,Custer,4234
Idaho,Elmore,26175
Idaho,Franklin,12914
Idaho,Fremont,12945
Idaho,Gem,16731
Idaho,Gooding,15233
Idaho,Idaho,16312
Idaho,Jefferson,26792
Idaho,Jerome,22653
Idaho,Kootenai,145046
Idaho,Latah,38339
Idaho,Lemhi,7790
Idaho,Lewis,3812
Idaho,Lincoln,5260
Idaho,Madison,37916
Idaho,Minidoka,20279
Idaho,Nez Perce,39779
Idaho,Oneida,4245
Idaho,Owyhee,11364
Idaho,Payette,22700
Idaho,Power,7731
Idaho,Shoshone,12571
Idaho,Teton,10285
Idaho,Twin Falls,80004
Idaho,Valley,9720
Idaho,Washington,10025
Illinois,Adams,67081
Illinois,Alexander,7364
Illinois,Bond,17313
Illinois,Boone,53851
Illinois,Brown,6859
Illinois,Bureau,34115
Illinois,Calhoun,4999
Illinois,Carroll,14926
Illinois,Cass,13254
Illinois,Champaign,205766
Illinois,Christian,34200
Illinois,Clark,16159
Illinois,Clay,13582
Illinois,Clinton,37929
Illinois,Coles,53037
Illinois,Cook,5236393
Illinois,Crawford,19541
Illinois,Cumberland,10943
Illinois,DeKalb,104345
Illinois,De Witt,16388
Illinois,Douglas,19826
Illinois,DuPage,930412
Illinois,Edgar,17992
Illinois,Edwards,6649
Illinois,Effingham,34332
Illinois,Fayette,22136
Illinois,Ford,13835
Illinois,Franklin,39694
Illinois,Fulton,36323
Illinois,Gallatin,5385
Illinois,Greene,13502
Illinois,Grundy,50277
Illinois,Hamilton,8322
Illinois,Hancock,18738
Illinois,Hardin,4228
Illinois,Henderson,7042
Illinois,Henry,49883
Illinois,Iroquois,29053
Illinois,Jackson,59534
Illinois,Jasper,9635
Illinois,Jefferson,38578
Illinois,Jersey,22625
Illinois,Jo Daviess,22397
Illinois,Johnson,12829
Illinois,Kane,524886
Illinois,Kankakee,112221
Illinois,Kendall,120036
Illinois,Knox,52112
Illinois,Lake,702898
Illinois,LaSalle,112579
Illinois,Lawrence,16665
Illinois,Lee,35027
Illinois,Livingston,37689
Illinois,Logan,29956
Illinois,McDonough,32009
Illinois,McHenry,307357
Illinois,McLean,173114
Illinois,Macon,109193
Illinois,Macoupin,46844
Illinois,Madison,267356
Illinois,Marion,38665
Illinois,Marshall,12173
Illinois,Mason,14126
Illinois,Massac,15016
Illinois,Menard,12611
Illinois,Mercer,16107
Illinois,Monroe,33539
Illinois,Montgomery,29348
Illinois,Morgan,35129
Illinois,Moultrie,14927
Illinois,Ogle,52397
Illinois,Peoria,187112
Illinois,Perry,21810
Illinois,Piatt,16495
Illinois,Pike,16144
Illinois,Pope,4331
Illinois,Pulaski,5871
Illinois,Putnam,5822
Illinois,Randolph,33069
Illinois,Richland,16127
Illinois,Rock Island,147161
Illinois,St. Clair,267029
Illinois,Saline,24783
Illinois,Sangamon,199016
Illinois,Schuyler,7311
Illinois,Scott,5198
Illinois,Shelby,22115
Illinois,Stark,5859
Illinois,Stephenson,46625
Illinois,Tazewell,135697
Illinois,Union,17551
Illinois,Vermilion,80368
Illinois,Wabash,11652
Illinois,Warren,17701
Illinois,Washington,14457
Illinois,Wayne,16555
Illinois,White,14464
Illinois,Whiteside,57525
Illinois,Will,683995
Illinois,Williamson,67121
Illinois,Winnebago,290439
Illinois,Woodford,39106
Indiana,Adams,34642
Indiana,Allen,363453
Indiana,Bartholomew,79488
Indiana,Benton,8752
Indiana,Blackford,12476
Indiana,Boone,60511
Indiana,Brown,15011
Indiana,Carroll,20014
Indiana,Cass,38476
Indiana,Clark,113181
Indiana,Clay,26686
Indiana,Clinton,32835
Indiana,Crawford,10591
Indiana,Daviess,32411
Indiana,Dearborn,49679
Indiana,Decatur,26240
Indiana,DeKalb,42449
Indiana,Delaware,117335
Indiana,Dubois,42291
Indiana,Elkhart,200685
Indiana,Fayette,23773
Indiana,Floyd,75900
Indiana,Fountain,16888
Indiana,Franklin,22935
Indiana,Fulton,20527
Indiana,Gibson,33668
Indiana,Grant,68896
Indiana,Greene,32815
Indiana,Hamilton,296635
Indiana,Hancock,71328
Indiana,Harrison,39230
Indiana,Hendricks,153435
Indiana,Henry,49146
Indiana,Howard,82765
Indiana,Huntington,36863
Indiana,Jackson,43471
Indiana,Jasper,33448
Indiana,Jay,21255
Indiana,Jefferson,32453
Indiana,Jennings,28113
Indiana,Johnson,145645
Indiana,Knox,38062
Indiana,Kosciusko,77983
Indiana,LaGrange,38084
Indiana,Lake,491596
Indiana,LaPorte,111280
Indiana,Lawrence,45814
Indiana,Madison,130280
Indiana,Marion,926335
Indiana,Marshall,46962
Indiana,Martin,10262
Indiana,Miami,36211
Indiana,Monroe,142404
Indiana,Montgomery,38172
Indiana,Morgan,69403
Indiana,Newton,14057
Indiana,Noble,47546
Indiana,Ohio,6033
Indiana,Orange,19725
Indiana,Owen,21192
Indiana,Parke,17107
Indiana,Perry,19414
Indiana,Pike,12687
Indiana,Porter,166570
Indiana,Posey,25567
Indiana,Pulaski,13047
Indiana,Putnam,37650
Indiana,Randolph,25596
Indiana,Ripley,28612
Indiana,Rush,16991
Indiana,St. Joseph,267246
Indiana,Scott,23783
Indiana,Shelby,44441
Indiana,Spencer,20856
Indiana,Starke,23117
Indiana,Steuben,34267
Indiana,Sullivan,21111
Indiana,Switzerland,10500
Indiana,Tippecanoe,180952
Indiana,Tipton,15573
Indiana,Union,7299
Indiana,Vanderburgh,181305
Indiana,Vermillion,15860
Indiana,Vigo,108268
Indiana,Wabash,32358
Indiana,Warren,8367
Indiana,Warrick,60995
Indiana,Washington,27930
Indiana,Wayne,67866
Indiana,Wells,27796
Indiana,White,24388
Indiana,Whitley,33330
Iowa,Adair,7426
Iowa,Adams,3892
Iowa,Allamakee,14060
Iowa,Appanoose,12669
Iowa,Audubon,5869
Iowa,Benton,25803
Iowa,Black Hawk,132496
Iowa,Boone,26401
Iowa,Bremer,24539
Iowa,Buchanan,20998
Iowa,Buena Vista,20507
Iowa,Butler,14966
Iowa,Calhoun,9914
Iowa,Carroll,20629
Iowa,Cass,13590
Iowa,Cedar,18375
Iowa,Cerro Gordo,43481
Iowa,Cherokee,11853
Iowa,Chickasaw,12244
Iowa,Clarke,9280
Iowa,Clay,16537
Iowa,Clayton,17806
Iowa,Clinton,48365
Iowa,Crawford,17252
Iowa,Dallas,74892
Iowa,Davis,8742
Iowa,Decatur,8249
Iowa,Delaware,17507
Iowa,Des Moines,40208
Iowa,Dickinson,16967
Iowa,Dubuque,95906
Iowa,Emmet,9917
Iowa,Fayette,20589
Iowa,Floyd,16050
Iowa,Franklin,10489
Iowa,Fremont,7106
Iowa,Greene,9174
Iowa,Grundy,12407
Iowa,Guthrie,10740
Iowa,Hamilton,15297
Iowa,Hancock,11092
Iowa,Hardin,17393
Iowa,Harrison,14467
Iowa,Henry,20080
Iowa,Howard,9494
Iowa,Humboldt,9674
Iowa,Ida,7071
Iowa,Iowa,16344
Iowa,Jackson,19572
Iowa,Jasper,36726
Iowa,Jefferson,17318
Iowa,Johnson,139436
Iowa,Jones,20560
Iowa,Keokuk,10291
Iowa,Kossuth,15280
Iowa,Lee,35369
Iowa,Linn,216640
Iowa,Louisa,11271
Iowa,Lucas,8731
Iowa,Lyon,11723
Iowa,Madison,15644
Iowa,Mahaska,22396
Iowa,Marion,33248
Iowa,Marshall,40962
Iowa,Mills,14862
Iowa,Mitchell,10762
Iowa,Monona,9088
Iowa,Monroe,8002
Iowa,Montgomery,10465
Iowa,Muscatine,42913
Iowa,O'Brien,14092
Iowa,Osceola,6211
Iowa,Page,15660
Iowa,Palo Alto,9208
Iowa,Plymouth,24853
Iowa,Pocahontas,7127
Iowa,Polk,452369
Iowa,Pottawattamie,93213
Iowa,Poweshiek,18705
Iowa,Ringgold,5061
Iowa,Sac,10101
Iowa,Scott,169994
Iowa,Shelby,11992
Iowa,Sioux,34509
Iowa,Story,93586
Iowa,Tama,17479
Iowa,Taylor,6213
Iowa,Union,12575
Iowa,Van Buren,7432
Iowa,Wapello,35315
Iowa,Warren,47542
Iowa,Washington,22017
Iowa,Wayne,6384
Iowa,Webster,37295
Iowa,Winnebago,10614
Iowa,Winneshiek,20884
Iowa,Woodbury,102530
Iowa,Worth,7563
Iowa,Wright,12936
Kansas,Allen,13081
Kansas,Anderson,7896
Kansas,Atchison,16633
Kansas,Barber,4770
Kansas,Barton,27399
Kansas,Bourbon,14812
Kansas,Brown,9880
Kansas,Butler,66092
Kansas,Chase,2722
Kansas,Chautauqua,3520
Kansas,Cherokee,20952
Kansas,Cheyenne,2682
Kansas,Clark,2145
Kansas,Clay,8421
Kansas,Cloud,9339
Kansas,Coffey,8458
Kansas,Comanche,2010
Kansas,Cowley,36079
Kansas,Crawford,39304
Kansas,Decatur,2905
Kansas,Dickinson,19516
Kansas,Doniphan,7859
Kansas,Douglas,114967
Kansas,Edwards,2991
Kansas,Elk,2683
Kansas,Ellis,28993
Kansas,Ellsworth,6410
Kansas,Finney,37133
Kansas,Ford,34714
Kansas,Franklin,25753
Kansas,Geary,36787
Kansas,Gove,2735
Kansas,Graham,2593
Kansas,Grant,7816
Kansas,Gray,6065
Kansas,Greeley,1224
Kansas,Greenwood,6393
Kansas,Hamilton,2586
Kansas,Harper,5861
Kansas,Harvey,34835
Kansas,Haskell,4130
Kansas,Hodgeman,1939
Kansas,Jackson,13400
Kansas,Jefferson,18898
Kansas,Jewell,3038
Kansas,Johnson,566814
Kansas,Kearny,3952
Kansas,Kingman,7790
Kansas,Kiowa,2536
Kansas,Labette,21048
Kansas,Lane,1674
Kansas,Leavenworth,78227
Kansas,Lincoln,3154
Kansas,Linn,9528
Kansas,Logan,2793
Kansas,Lyon,33462
Kansas,McPherson,29252
Kansas,Marion,12290
Kansas,Marshall,10005
Kansas,Meade,4383
Kansas,Miami,32688
Kansas,Mitchell,6296
Kansas,Montgomery,34184
Kansas,Morris,5750
Kansas,Morton,3106
Kansas,Nemaha,10159
Kansas,Neosho,16423
Kansas,Ness,3077
Kansas,Norton,5590
Kansas,Osage,16080
Kansas,Osborne,3782
Kansas,Ottawa,6048
Kansas,Pawnee,6911
Kansas,Phillips,5501
Kansas,Pottawatomie,22625
Kansas,Pratt,9739
Kansas,Rawlins,2545
Kansas,Reno,64058
Kansas,Republic,4806
Kansas,Rice,10014
Kansas,Riley,75022
Kansas,Rooks,5186
Kansas,Rush,3184
Kansas,Russell,6988
Kansas,Saline,55735
Kansas,Scott,4928
Kansas,Sedgwick,506529
Kansas,Seward,23274
Kansas,Shawnee,178792
Kansas,Sheridan,2531
Kansas,Sherman,6054
Kansas,Smith,3740
Kansas,Stafford,4320
Kansas,Stanton,2149
Kansas,Stevens,5772
Kansas,Sumner,23638
Kansas,Thomas,7925
Kansas,Trego,2951
Kansas,Wabaunsee,6997
Kansas,Wallace,1595
Kansas,Washington,5686
Kansas,Wichita,2204
Kansas,Wilson,9061
Kansas,Woodson,3211
Kansas,Wyandotte,160806
Kentucky,Adair,18852
Kentucky,Allen,20355
Kentucky,Anderson,21761
Kentucky,Ballard,8256
Kentucky,Barren,42925
Kentucky,Bath,11978
Kentucky,Bell,27950
Kentucky,Boone,124617
Kentucky,Bourbon,20013
Kentucky,Boyd,48917
Kentucky,Boyle,29388
Kentucky,Bracken,8425
Kentucky,Breathitt,13591
Kentucky,Breckinridge,20061
Kentucky,Bullitt,76961
Kentucky,Butler,12835
Kentucky,Caldwell,12826
Kentucky,Calloway,38106
Kentucky,Campbell,91475
Kentucky,Carlisle,4984
Kentucky,Carroll,10830
Kentucky,Carter,27326
Kentucky,Casey,15954
Kentucky,Christian,74159
Kentucky,Clark,35657
Kentucky,Clay,21300
Kentucky,Clinton,10188
Kentucky,Crittenden,9222
Kentucky,Cumberland,6807
Kentucky,Daviess,98173
Kentucky,Edmonson,12105
Kentucky,Elliott,7725
Kentucky,Estill,14476
Kentucky,Fayette,308306
Kentucky,Fleming,14544
Kentucky,Floyd,38649
Kentucky,Franklin,49778
Kentucky,Fulton,6422
Kentucky,Gallatin,8567
Kentucky,Garrard,16976
Kentucky,Grant,24670
Kentucky,Graves,37502
Kentucky,Grayson,26001
Kentucky,Green,11149
Kentucky,Greenup,36477
Kentucky,Hancock,8669
Kentucky,Hardin,107529
Kentucky,Harlan,28400
Kentucky,Harrison,18648
Kentucky,Hart,18441
Kentucky,Henderson,46396
Kentucky,Henry,15455
Kentucky,Hickman,4720
Kentucky,Hopkins,46518
Kentucky,Jackson,13357
Kentucky,Jefferson,755809
Kentucky,Jessamine,50328
Kentucky,Johnson,23350
Kentucky,Kenton,163007
Kentucky,Knott,16000
Kentucky,Knox,31809
Kentucky,Larue,14149
Kentucky,Laurel,59751
Kentucky,Lawrence,15821
Kentucky,Lee,7119
Kentucky,Leslie,10997
Kentucky,Letcher,23671
Kentucky,Lewis,13790
Kentucky,Lincoln,24498
Kentucky,Livingston,9394
Kentucky,Logan,26851
Kentucky,Lyon,8402
Kentucky,McCracken,65408
Kentucky,McCreary,18001
Kentucky,McLean,9500
Kentucky,Madison,85838
Kentucky,Magoffin,12979
Kentucky,Marion,19717
Kentucky,Marshall,31181
Kentucky,Martin,12631
Kentucky,Mason,17296
Kentucky,Meade,29098
Kentucky,Menifee,6343
Kentucky,Mercer,21342
Kentucky,Metcalfe,9985
Kentucky,Monroe,10765
Kentucky,Montgomery,27167
Kentucky,Morgan,13428
Kentucky,Muhlenberg,31309
Kentucky,Nelson,44564
Kentucky,Nicholas,7075
Kentucky,Ohio,24065
Kentucky,Oldham,63037
Kentucky,Owen,10711
Kentucky,Owsley,4616
Kentucky,Pendleton,14514
Kentucky,Perry,28041
Kentucky,Pike,63434
Kentucky,Powell,12447
Kentucky,Pulaski,63635
Kentucky,Robertson,2208
Kentucky,Rockcastle,16942
Kentucky,Rowan,23608
Kentucky,Russell,17669
Kentucky,Scott,50178
Kentucky,Shelby,44290
Kentucky,Simpson,17704
Kentucky,Spencer,17577
Kentucky,Taylor,24993
Kentucky,Todd,12524
Kentucky,Trigg,14250
Kentucky,Trimble,8783
Kentucky,Union,15138
Kentucky,Warren,118950
Kentucky,Washington,11910
Kentucky,Wayne,20655
Kentucky,Webster,13357
Kentucky,Whitley,35794
Kentucky,Wolfe,7261
Kentucky,Woodford,25317
Louisiana,Acadia,62163
Louisiana,Allen,25653
Louisiana,Ascension,114738
Louisiana,Assumption,23057
Louisiana,Avoyelles,41389
Louisiana,Beauregard,36259
Louisiana,Bienville,13977
Louisiana,Bossier,123403
Louisiana,Caddo,254742
Louisiana,Calcasieu,195887
Louisiana,Caldwell,9990
Louisiana,Cameron,6706
Louisiana,Catahoula,10247
Louisiana,Claiborne,16639
Louisiana,Concordia,20449
Louisiana,De Soto,26965
Louisiana,East Baton Rouge,444690
Louisiana,East Carroll,7501
Louisiana,East Feliciana,19855
Louisiana,Evangeline,33768
Louisiana,Franklin,20550
Louisiana,Grant,22362
Louisiana,Iberia,73938
Louisiana,Iberville,33229
Louisiana,Jackson,16109
Louisiana,Jefferson,435092
Louisiana,Jefferson Davis,31434
Louisiana,Lafayette,231811
Louisiana,Lafourche,97474
Louisiana,LaSalle,14899
Louisiana,Lincoln,47349
Louisiana,Livingston,133949
Louisiana,Madison,11873
Louisiana,Morehouse,27012
Louisiana,Natchitoches,39330
Louisiana,Orleans,376738
Louisiana,Ouachita,155769
Louisiana,Plaquemines,23599
Louisiana,Pointe Coupee,22498
Louisiana,Rapides,132225
Louisiana,Red River,8838
Louisiana,Richland,20777
Louisiana,Sabine,24248
Louisiana,St. Bernard,42858
Louisiana,St. Charles,52639
Louisiana,St. Helena,10818
Louisiana,St. James,21650
Louisiana,St. John the Baptist,44161
Louisiana,St. Landry,83613
Louisiana,St. Martin,53126
Louisiana,St. Mary,53441
Louisiana,St. Tammany,242960
Louisiana,Tangipahoa,125486
Louisiana,Tensas,4893
Louisiana,Terrebonne,112742
Louisiana,Union,22533
Louisiana,Vermilion,59110
Louisiana,Vernon,52476
Louisiana,Washington,46556
Louisiana,Webster,40617
Louisiana,West Baton Rouge,24669
Louisiana,West Carroll,11454
Louisiana,West Feliciana,15415
Louisiana,Winn,14855
Maine,Androscoggin,107393
Maine,Aroostook,70005
Maine,Cumberland,286119
Maine,Franklin,30402
Maine,Hancock,54658
Maine,Kennebec,121112
Maine,Knox,39723
Maine,Lincoln,34156
Maine,Oxford,57421
Maine,Penobscot,153437
Maine,Piscataquis,17156
Maine,Sagadahoc,35092
Maine,Somerset,51577
Maine,Waldo,38976
Maine,Washington,32191
Maine,York,199682
Maryland,Allegany,73549
Maryland,Anne Arundel,555280
Maryland,Baltimore,822959
Maryland,Calvert,90114
Maryland,Caroline,32661
Maryland,Carroll,167444
Maryland,Cecil,101960
Maryland,Charles,152754
Maryland,Dorchester,32534
Maryland,Frederick,241373
Maryland,Garrett,29813
Maryland,Harford,248966
Maryland,Howard,304115
Maryland,Kent,19923
Maryland,Montgomery,1017859
Maryland,Prince George's,892816
Maryland,Queen Anne's,48600
Maryland,St. Mary's,109614
Maryland,Somerset,25980
Maryland,Talbot,37799
Maryland,Washington,149270
Maryland,Wicomico,101182
Maryland,Worcester,51519
Maryland,Baltimore city,622454
Massachusetts,Barnstable,214766
Massachusetts,Berkshire,129288
Massachusetts,Bristol,552763
Massachusetts,Dukes,17048
Massachusetts,Essex,763849
Massachusetts,Franklin,71144
Massachusetts,Hampden,468041
Massachusetts,Hampshire,160759
Massachusetts,Middlesex,1556116
Massachusetts,Nantucket,10556
Massachusetts,Norfolk,687721
Massachusetts,Plymouth,503681
Massachusetts,Suffolk,758919
Massachusetts,Worcester,810935
Michigan,Alcona,10550
Michigan,Alger,9476
Michigan,Allegan,112837
Michigan,Alpena,29068
Michigan,Antrim,23267
Michigan,Arenac,15424
Michigan,Baraga,8690
Michigan,Barry,59147
Michigan,Bay,106698
Michigan,Benzie,17437
Michigan,Berrien,155565
Michigan,Branch,43706
Michigan,Calhoun,134790
Michigan,Cass,51952
Michigan,Charlevoix,26134
Michigan,Cheboygan,25690
Michigan,Chippewa,38586
Michigan,Clare,30710
Michigan,Clinton,76905
Michigan,Crawford,13895
Michigan,Delta,36712
Michigan,Dickinson,26012
Michigan,Eaton,108341
Michigan,Emmet,33018
Michigan,Genesee,415874
Michigan,Gladwin,25501
Michigan,Gogebic,15824
Michigan,Grand Traverse,89907
Michigan,Gratiot,41878
Michigan,Hillsdale,46178
Michigan,Houghton,36660
Michigan,Huron,32290
Michigan,Ingham,283491
Michigan,Ionia,64064
Michigan,Iosco,25401
Michigan,Iron,11507
Michigan,Isabella,70669
Michigan,Jackson,159759
Michigan,Kalamazoo,256752
Michigan,Kalkaska,17230
Michigan,Kent,622590
Michigan,Keweenaw,2198
Michigan,Lake,11426
Michigan,Lapeer,88235
Michigan,Leelanau,21772
Michigan,Lenawee,98902
Michigan,Livingston,184591
Michigan,Luce,6477
Michigan,Mackinac,11044
Michigan,Macomb,854689
Michigan,Manistee,24536
Michigan,Marquette,67582
Michigan,Mason,28711
Michigan,Mecosta,43301
Michigan,Menominee,23717
Michigan,Midland,83624
Michigan,Missaukee,14988
Michigan,Monroe,150436
Michigan,Montcalm,63004
Michigan,Montmorency,9401
Michigan,Muskegon,171483
Michigan,Newaygo,48029
Michigan,Oakland,1229503
Michigan,Oceana,26229
Michigan,Ogemaw,21222
Michigan,Ontonagon,6298
Michigan,Osceola,23234
Michigan,Oscoda,8444
Michigan,Otsego,24141
Michigan,Ottawa,273136
Michigan,Presque Isle,13037
Michigan,Roscommon,24068
Michigan,Saginaw,196479
Michigan,St. Clair,160429
Michigan,St. Joseph,61022
Michigan,Sanilac,42014
Michigan,Schoolcraft,8288
Michigan,Shiawassee,69113
Michigan,Tuscola,54420
Michigan,Van Buren,75351
Michigan,Washtenaw,354092
Michigan,Wayne,1778969
Michigan,Wexford,32751
Minnesota,Aitkin,15839
Minnesota,Anoka,338764
Minnesota,Becker,33138
Minnesota,Beltrami,45434
Minnesota,Benton,39221
Minnesota,Big Stone,5134
Minnesota,Blue Earth,65125
Minnesota,Brown,25391
Minnesota,Carlton,35443
Minnesota,Carver,95715
Minnesota,Cass,28519
Minnesota,Chippewa,12154
Minnesota,Chisago,53834
Minnesota,Clay,60879
Minnesota,Clearwater,8752
Minnesota,Cook,5194
Minnesota,Cottonwood,11632
Minnesota,Crow Wing,63048
Minnesota,Dakota,408456
Minnesota,Dodge,20290
Minnesota,Douglas,36620
Minnesota,Faribault,14230
Minnesota,Fillmore,20843
Minnesota,Freeborn,30897
Minnesota,Goodhue,46377
Minnesota,Grant,5961
Minnesota,Hennepin,1197776
Minnesota,Houston,18812
Minnesota,Hubbard,20574
Minnesota,Isanti,38296
Minnesota,Itasca,45354
Minnesota,Jackson,10211
Minnesota,Kanabec,16003
Minnesota,Kandiyohi,42444
Minnesota,Kittson,4480
Minnesota,Koochiching,13054
Minnesota,Lac qui Parle,7023
Minnesota,Lake,10750
Minnesota,Lake of the Woods,3949
Minnesota,Le Sueur,27707
Minnesota,Lincoln,5808
Minnesota,Lyon,25699
Minnesota,McLeod,36046
Minnesota,Mahnomen,5496
Minnesota,Marshall,9453
Minnesota,Martin,20350
Minnesota,Meeker,23129
Minnesota,Mille Lacs,25809
Minnesota,Morrison,32962
Minnesota,Mower,39227
Minnesota,Murray,8529
Minnesota,Nicollet,33086
Minnesota,Nobles,21687
Minnesota,Norman,6692
Minnesota,Olmsted,148736
Minnesota,Otter Tail,57511
Minnesota,Pennington,14110
Minnesota,Pine,29218
Minnesota,Pipestone,9354
Minnesota,Polk,31547
Minnesota,Pope,10948
Minnesota,Ramsey,527411
Minnesota,Red Lake,4061
Minnesota,Redwood,15723
Minnesota,Renville,15171
Minnesota,Rice,64886
Minnesota,Rock,9563
Minnesota,Roseau,15615
Minnesota,St. Louis,200506
Minnesota,Scott,137322
Minnesota,Sherburne,90401
Minnesota,Sibley,15021
Minnesota,Stearns,152595
Minnesota,Steele,36523
Minnesota,Stevens,9771
Minnesota,Swift,9525
Minnesota,Todd,24466
Minnesota,Traverse,3429
Minnesota,Wabasha,21381
Minnesota,Wadena,13759
Minnesota,Waseca,19076
Minnesota,Washington,246670
Minnesota,Watonwan,11054
Minnesota,Wilkin,6526
Minnesota,Winona,51213
Minnesota,Wright,128691
Minnesota,Yellow Medicine,10092
Mississippi,Adams,31979
Mississippi,Alcorn,37319
Mississippi,Amite,12840
Mississippi,Attala,19175
Mississippi,Benton,8470
Mississippi,Bolivar,33803
Mississippi,Calhoun,14789
Mississippi,Carroll,10338
Mississippi,Chickasaw,17391
Mississippi,Choctaw,8354
Mississippi,Claiborne,9330
Mississippi,Clarke,16362
Mississippi,Clay,20279
Mississippi,Coahoma,25254
Mississippi,Copiah,28921
Mississippi,Covington,19471
Mississippi,DeSoto,168586
Mississippi,Forrest,76267
Mississippi,Franklin,7857
Mississippi,George,23104
Mississippi,Greene,14129
Mississippi,Grenada,21591
Mississippi,Hancock,45627
Mississippi,Harrison,196268
Mississippi,Hinds,245874
Mississippi,Holmes,18772
Mississippi,Humphreys,8984
Mississippi,Issaquena,1291
Mississippi,Itawamba,23451
Mississippi,Jackson,140676
Mississippi,Jasper,16588
Mississippi,Jefferson,7586
Mississippi,Jefferson Davis,11941
Mississippi,Jones,68276
Mississippi,Kemper,10211
Mississippi,Lafayette,51169
Mississippi,Lamar,58885
Mississippi,Lauderdale,79832
Mississippi,Lawrence,12586
Mississippi,Leake,23153
Mississippi,Lee,85036
Mississippi,Leflore,31516
Mississippi,Lincoln,34765
Mississippi,Lowndes,59699
Mississippi,Madison,100202
Mississippi,Marion,26109
Mississippi,Marshall,36385
Mississippi,Monroe,36175
Mississippi,Montgomery,10464
Mississippi,Neshoba,29553
Mississippi,Newton,21663
Mississippi,Noxubee,11143
Mississippi,Oktibbeha,49048
Mississippi,Panola,34373
Mississippi,Pearl River,55196
Mississippi,Perry,12187
Mississippi,Pike,40075
Mississippi,Pontotoc,30517
Mississippi,Prentiss,25380
Mississippi,Quitman,7761
Mississippi,Rankin,146761
Mississippi,Scott,28293
Mississippi,Sharkey,4805
Mississippi,Simpson,27401
Mississippi,Smith,16257
Mississippi,Stone,17978
Mississippi,Sunflower,27911
Mississippi,Tallahatchie,14959
Mississippi,Tate,28415
Mississippi,Tippah,22054
Mississippi,Tishomingo,19539
Mississippi,Tunica,10477
Mississippi,Union,27811
Mississippi,Walthall,14978
Mississippi,Warren,48020
Mississippi,Washington,49499
Mississippi,Wayne,20564
Mississippi,Webster,9999
Mississippi,Wilkinson,9345
Mississippi,Winston,18697
Mississippi,Yalobusha,12381
Mississippi,Yazoo,27911
Missouri,Adair,25560
Missouri,Andrew,17328
Missouri,Atchison,5440
Missouri,Audrain,25783
Missouri,Barry,35726
Missouri,Barton,12166
Missouri,Bates,16643
Missouri,Benton,18854
Missouri,Bollinger,12356
Missouri,Boone,170770
Missouri,Buchanan,89561
Missouri,Butler,42951
Missouri,Caldwell,9083
Missouri,Callaway,44566
Missouri,Camden,43927
Missouri,Cape Girardeau,77606
Missouri,Carroll,9096
Missouri,Carter,6284
Missouri,Cass,100781
Missouri,Cedar,13892
Missouri,Chariton,7650
Missouri,Christian,80904
Missouri,Clark,6919
Missouri,Clay,230361
Missouri,Clinton,20498
Missouri,Cole,76533
Missouri,Cooper,17593
Missouri,Crawford,24660
Missouri,Dade,7618
Missouri,Dallas,16564
Missouri,Daviess,8277
Missouri,DeKalb,12782
Missouri,Dent,15612
Missouri,Douglas,13516
Missouri,Dunklin,31562
Missouri,Franklin,101828
Missouri,Gasconade,14948
Missouri,Gentry,6785
Missouri,Greene,283206
Missouri,Grundy,10256
Missouri,Harrison,8722
Missouri,Henry,22034
Missouri,Hickory,9335
Missouri,Holt,4615
Missouri,Howard,10182
Missouri,Howell,40326
Missouri,Iron,10322
Missouri,Jackson,680905
Missouri,Jasper,117184
Missouri,Jefferson,221577
Missouri,Johnson,54155
Missouri,Knox,4035
Missouri,Laclede,35514
Missouri,Lafayette,32916
Missouri,Lawrence,38244
Missouri,Lewis,10172
Missouri,Lincoln,53850
Missouri,Linn,12401
Missouri,Livingston,15042
Missouri,McDonald,22763
Missouri,Macon,15460
Missouri,Madison,12401
Missouri,Maries,9057
Missouri,Marion,28840
Missouri,Mercer,3718
Missouri,Miller,24956
Missouri,Mississippi,14208
Missouri,Moniteau,15801
Missouri,Monroe,8680
Missouri,Montgomery,11939
Missouri,Morgan,20225
Missouri,New Madrid,18411
Missouri,Newton,58777
Missouri,Nodaway,23186
Missouri,Oregon,10979
Missouri,Osage,13758
Missouri,Ozark,9537
Missouri,Pemiscot,17837
Missouri,Perry,19100
Missouri,Pettis,42215
Missouri,Phelps,45029
Missouri,Pike,18517
Missouri,Platte,93394
Missouri,Polk,31107
Missouri,Pulaski,53443
Missouri,Putnam,4895
Missouri,Ralls,10243
Missouri,Randolph,25135
Missouri,Ray,23031
Missouri,Reynolds,6578
Missouri,Ripley,13990
Missouri,St. Charles,374805
Missouri,St. Clair,9520
Missouri,Ste. Genevieve,17990
Missouri,St. Francois,66010
Missouri,St. Louis,1001327
Missouri,Saline,23334
Missouri,Schuyler,4395
Missouri,Scotland,4873
Missouri,Scott,39061
Missouri,Shannon,8317
Missouri,Shelby,6179
Missouri,Stoddard,29837
Missouri,Stone,31375
Missouri,Sullivan,6512
Missouri,Taney,53555
Missouri,Texas,25735
Missouri,Vernon,20878
Missouri,Warren,33043
Missouri,Washington,25048
Missouri,Wayne,13397
Missouri,Webster,36690
Missouri,Worth,2082
Missouri,Wright,18449
Missouri,St. Louis city,317850
Montana,Beaverhead,9291
Montana,Big Horn,13141
Montana,Blaine,6598
Montana,Broadwater,5692
Montana,Carbon,10268
Montana,Carter,1227
Montana,Cascade,82090
Montana,Chouteau,5855
Montana,Custer,11945
Montana,Daniels,1758
Montana,Dawson,9365
Montana,Deer Lodge,9211
Montana,Fallon,3057
Montana,Fergus,11468
Montana,Flathead,93333
Montana,Gallatin,95323
Montana,Garfield,1047
Montana,Glacier,13672
Montana,Golden Valley,756
Montana,Granite,3168
Montana,Hill,16523
Montana,Jefferson,11502
Montana,Judith Basin,1997
Montana,Lake,29157
Montana,Lewis and Clark,65357
Montana,Liberty,2369
Montana,Lincoln,19337
Montana,McCone,1728
Montana,Madison,7767
Montana,Meagher,1898
Montana,Mineral,4238
Montana,Missoula,111966
Montana,Musselshell,4790
Montana,Park,15708
Montana,Petroleum,443
Montana,Phillips,4167
Montana,Pondera,6206
Montana,Powder River,1703
Montana,Powell,6975
Montana,Prairie,1372
Montana,Ravalli,40823
Montana,Richland,11132
Montana,Roosevelt,11072
Montana,Rosebud,9352
Montana,Sanders,11346
Montana,Sheridan,3630
Montana,Silver Bow,34549
Montana,Stillwater,9288
Montana,Sweet Grass,3633
Montana,Teton,6074
Montana,Toole,5150
Montana,Treasure,812
Montana,Valley,7577
Montana,Wheatland,2115
Montana,Wibaux,986
Montana,Yellowstone,153692
Nebraska,Adams,31442
Nebraska,Antelope,6486
Nebraska,Arthur,448
Nebraska,Banner,820
Nebraska,Blaine,551
Nebraska,Boone,5373
Nebraska,Box Butte,11310
Nebraska,Boyd,2039
Nebraska,Brown,3078
Nebraska,Buffalo,47958
Nebraska,Burt,6647
Nebraska,Butler,8256
Nebraska,Cass,25360
Nebraska,Cedar,8675
Nebraska,Chase,3897
Nebraska,Cherry,5770
Nebraska,Cheyenne,10077
Nebraska,Clay,6382
Nebraska,Colfax,10522
Nebraska,Cuming,9078
Nebraska,Custer,10802
Nebraska,Dakota,20798
Nebraska,Dawes,9136
Nebraska,Dawson,24069
Nebraska,Deuel,1946
Nebraska,Dixon,5866
Nebraska,Dodge,36725
Nebraska,Douglas,537655
Nebraska,Dundy,2015
Nebraska,Fillmore,5697
Nebraska,Franklin,3105
Nebraska,Frontier,2573
Nebraska,Furnas,4887
Nebraska,Gage,21818
Nebraska,Garden,1823
Nebraska,Garfield,1933
Nebraska,Gosper,1976
Nebraska,Grant,769
Nebraska,Greeley,2476
Nebraska,Hall,60792
Nebraska,Hamilton,9100
Nebraska,Harlan,3458
Nebraska,Hayes,1084
Nebraska,Hitchcock,2879
Nebraska,Holt,10398
Nebraska,Hooker,681
Nebraska,Howard,6347
Nebraska,Jefferson,7433
Nebraska,Johnson,5167
Nebraska,Kearney,6549
Nebraska,Keith,8146
Nebraska,Keya Paha,711
Nebraska,Kimball,3720
Nebraska,Knox,8556
Nebraska,Lancaster,298080
Nebraska,Lincoln,35896
Nebraska,Logan,851
Nebraska,Loup,548
Nebraska,McPherson,433
Nebraska,Madison,35111
Nebraska,Merrick,7776
Nebraska,Morrill,4874
Nebraska,Nance,3639
Nebraska,Nemaha,7168
Nebraska,Nuckolls,4391
Nebraska,Otoe,15842
Nebraska,Pawnee,2726
Nebraska,Perkins,2924
Nebraska,Phelps,9216
Nebraska,Pierce,7184
Nebraska,Platte,32642
Nebraska,Polk,5271
Nebraska,Red Willow,10946
Nebraska,Richardson,8201
Nebraska,Rock,1401
Nebraska,Saline,14360
Nebraska,Sarpy,169192
Nebraska,Saunders,20913
Nebraska,Scotts Bluff,36684
Nebraska,Seward,16998
Nebraska,Sheridan,5294
Nebraska,Sherman,3107
Nebraska,Sioux,1249
Nebraska,Stanton,6081
Nebraska,Thayer,5182
Nebraska,Thomas,675
Nebraska,Thurston,6946
Nebraska,Valley,4254
Nebraska,Washington,20257
Nebraska,Wayne,9425
Nebraska,Webster,3697
Nebraska,Wheeler,847
Nebraska,York,13825
Nevada,Churchill,24252
Nevada,Clark,2035572
Nevada,Douglas,47259
Nevada,Elko,51562
Nevada,Esmeralda,1141
Nevada,Eureka,1669
Nevada,Humboldt,17067
Nevada,Lander,5946
Nevada,Lincoln,5194
Nevada,Lyon,51657
Nevada,Mineral,4566
Nevada,Nye,42625
Nevada,Pershing,6722
Nevada,Storey,3929
Nevada,Washoe,435019
Nevada,White Pine,9974
Nevada,Carson City,54482
New Hampshire,Belknap,60399
New Hampshire,Carroll,47513
New Hampshire,Cheshire,76430
New Hampshire,Coos,31870
New Hampshire,Grafton,89341
New Hampshire,Hillsborough,403972
New Hampshire,Merrimack,147262
New Hampshire,Rockingham,299006
New Hampshire,Strafford,125273
New Hampshire,Sullivan,43135
New Jersey,Atlantic,275376
New Jersey,Bergen,926330
New Jersey,Burlington,450556
New Jersey,Camden,511998
New Jersey,Cape May,95805
New Jersey,Cumberland,157035
New Jersey,Essex,791609
New Jersey,Gloucester,290298
New Jersey,Hudson,662619
New Jersey,Hunterdon,126250
New Jersey,Mercer,370212
New Jersey,Middlesex,830300
New Jersey,Monmouth,629185
New Jersey,Morris,498192
New Jersey,Ocean,583450
New Jersey,Passaic,507574
New Jersey,Salem,65120
New Jersey,Somerset,330604
New Jersey,Sussex,145930
New Jersey,Union,548744
New Jersey,Warren,107226
New Mexico,Bernalillo,673943
New Mexico,Catron,3583
New Mexico,Chaves,65811
New Mexico,Cibola,27382
New Mexico,Colfax,12997
New Mexico,Curry,50497
New Mexico,De Baca,2020
New Mexico,Do√±a Ana,213963
New Mexico,Eddy,55641
New Mexico,Grant,29119
New Mexico,Guadalupe,4526
New Mexico,Harding,565
New Mexico,Hidalgo,4643
New Mexico,Lea,68149
New Mexico,Lincoln,19931
New Mexico,Los Alamos,17939
New Mexico,Luna,24789
New Mexico,McKinley,73998
New Mexico,Mora,4660
New Mexico,Otero,65318
New Mexico,Quay,8698
New Mexico,Rio Arriba,39949
New Mexico,Roosevelt,19908
New Mexico,Sandoval,136638
New Mexico,San Juan,125133
New Mexico,San Miguel,28668
New Mexico,Santa Fe,147108
New Mexico,Sierra,11615
New Mexico,Socorro,17494
New Mexico,Taos,32943
New Mexico,Torrance,15853
New Mexico,Union,4339
New Mexico,Valencia,76297
New York,Albany,307463
New York,Allegany,48070
New York,Bronx,1428357
New York,Broome,198093
New York,Cattaraugus,78962
New York,Cayuga,79173
New York,Chautauqua,132646
New York,Chemung,88267
New York,Chenango,49549
New York,Clinton,81685
New York,Columbia,62195
New York,Cortland,49043
New York,Delaware,46901
New York,Dutchess,296928
New York,Erie,921584
New York,Essex,38912
New York,Franklin,51280
New York,Fulton,54606
New York,Genesee,59458
New York,Greene,48312
New York,Hamilton,4760
New York,Herkimer,64034
New York,Jefferson,118947
New York,Kings,2595259
New York,Lewis,27124
New York,Livingston,64801
New York,Madison,72427
New York,Monroe,749356
New York,Montgomery,49779
New York,Nassau,1354612
New York,New York,1629507
New York,Niagara,214150
New York,Oneida,233558
New York,Onondaga,468304
New York,Ontario,109192
New York,Orange,375384
New York,Orleans,42204
New York,Oswego,121183
New York,Otsego,61399
New York,Putnam,99488
New York,Queens,2301139
New York,Rensselaer,159900
New York,Richmond,472481
New York,Rockland,320688
New York,St. Lawrence,112011
New York,Saratoga,223774
New York,Schenectady,154796
New York,Schoharie,31913
New York,Schuyler,18410
New York,Seneca,35144
New York,Steuben,98665
New York,Suffolk,1501373
New York,Sullivan,76330
New York,Tioga,50199
New York,Tompkins,103855
New York,Ulster,181300
New York,Warren,65180
New York,Washington,62700
New York,Wayne,92416
New York,Westchester,967315
New York,Wyoming,41446
New York,Yates,25187
North Carolina,Alamance,155258
North Carolina,Alexander,37158
North Carolina,Alleghany,10911
North Carolina,Anson,26135
North Carolina,Ashe,27114
North Carolina,Avery,17695
North Carolina,Beaufort,47561
North Carolina,Bertie,20518
North Carolina,Bladen,34720
North Carolina,Brunswick,115926
North Carolina,Buncombe,247336
North Carolina,Burke,89548
North Carolina,Cabarrus,188375
North Carolina,Caldwell,81758
North Carolina,Camden,10161
North Carolina,Carteret,68228
North Carolina,Caswell,23174
North Carolina,Catawba,154610
North Carolina,Chatham,67431
North Carolina,Cherokee,27092
North Carolina,Chowan,14656
North Carolina,Clay,10656
North Carolina,Cleveland,97178
North Carolina,Columbus,57230
North Carolina,Craven,104450
North Carolina,Cumberland,324603
North Carolina,Currituck,24492
North Carolina,Dare,34863
North Carolina,Davidson,163867
North Carolina,Davie,41447
North Carolina,Duplin,59453
North Carolina,Durham,288817
North Carolina,Edgecombe,55280
North Carolina,Forsyth,361684
North Carolina,Franklin,62296
North Carolina,Gaston,209807
North Carolina,Gates,11724
North Carolina,Graham,8700
North Carolina,Granville,58109
North Carolina,Greene,21328
North Carolina,Guilford,506763
North Carolina,Halifax,53407
North Carolina,Harnett,124320
North Carolina,Haywood,59170
North Carolina,Henderson,109719
North Carolina,Hertford,24368
North Carolina,Hoke,51075
North Carolina,Hyde,5693
North Carolina,Iredell,165066
North Carolina,Jackson,40812
North Carolina,Johnston,178396
North Carolina,Jones,10166
North Carolina,Lee,59418
North Carolina,Lenoir,58782
North Carolina,Lincoln,79578
North Carolina,McDowell,44961
North Carolina,Macon,33919
North Carolina,Madison,21027
North Carolina,Martin,23729
North Carolina,Mecklenburg,990288
North Carolina,Mitchell,15330
North Carolina,Montgomery,27601
North Carolina,Moore,91743
North Carolina,Nash,94722
North Carolina,New Hanover,213091
North Carolina,Northampton,21011
North Carolina,Onslow,183753
North Carolina,Orange,138644
North Carolina,Pamlico,12982
North Carolina,Pasquotank,40018
North Carolina,Pender,55166
North Carolina,Perquimans,13498
North Carolina,Person,39262
North Carolina,Pitt,173798
North Carolina,Polk,20327
North Carolina,Randolph,142370
North Carolina,Richmond,46046
North Carolina,Robeson,134871
North Carolina,Rockingham,92300
North Carolina,Rowan,138361
North Carolina,Rutherford,66865
North Carolina,Sampson,63873
North Carolina,Scotland,35932
North Carolina,Stanly,60586
North Carolina,Stokes,46661
North Carolina,Surry,73170
North Carolina,Swain,14163
North Carolina,Transylvania,32928
North Carolina,Tyrrell,4152
North Carolina,Union,213422
North Carolina,Vance,44829
North Carolina,Wake,976019
North Carolina,Warren,20468
North Carolina,Washington,12668
North Carolina,Watauga,52240
North Carolina,Wayne,124355
North Carolina,Wilkes,68946
North Carolina,Wilson,81581
North Carolina,Yadkin,37971
North Carolina,Yancey,17604
North Dakota,Adams,2341
North Dakota,Barnes,11097
North Dakota,Benson,6794
North Dakota,Billings,969
North Dakota,Bottineau,6634
North Dakota,Bowman,3221
North Dakota,Burke,2208
North Dakota,Burleigh,88223
North Dakota,Cass,162500
North Dakota,Cavalier,3890
North Dakota,Dickey,5195
North Dakota,Divide,2314
North Dakota,Dunn,4195
North Dakota,Eddy,2370
North Dakota,Emmons,3463
North Dakota,Foster,3366
North Dakota,Golden Valley,1822
North Dakota,Grand Forks,68979
North Dakota,Grant,2362
North Dakota,Griggs,2329
North Dakota,Hettinger,2621
North Dakota,Kidder,2430
North Dakota,LaMoure,4113
North Dakota,Logan,1945
North Dakota,McHenry,5817
North Dakota,McIntosh,2759
North Dakota,McKenzie,9615
North Dakota,McLean,9451
North Dakota,Mercer,8633
North Dakota,Morton,28985
North Dakota,Mountrail,9253
North Dakota,Nelson,3048
North Dakota,Oliver,1819
North Dakota,Pembina,7206
North Dakota,Pierce,4395
North Dakota,Ramsey,11566
North Dakota,Ransom,5453
North Dakota,Renville,2562
North Dakota,Richland,16317
North Dakota,Rolette,14498
North Dakota,Sargent,3874
North Dakota,Sheridan,1337
North Dakota,Sioux,4380
North Dakota,Slope,673
North Dakota,Stark,28628
North Dakota,Steele,1979
North Dakota,Stutsman,21076
North Dakota,Towner,2294
North Dakota,Traill,8077
North Dakota,Walsh,11005
North Dakota,Ward,67736
North Dakota,Wells,4204
North Dakota,Williams,29619
Ohio,Adams,28229
Ohio,Allen,105196
Ohio,Ashland,53189
Ohio,Ashtabula,99777
Ohio,Athens,64974
Ohio,Auglaize,45873
Ohio,Belmont,69560
Ohio,Brown,44247
Ohio,Butler,372538
Ohio,Carroll,28361
Ohio,Champaign,39393
Ohio,Clark,136827
Ohio,Clermont,200285
Ohio,Clinton,41892
Ohio,Columbiana,105987
Ohio,Coshocton,36724
Ohio,Crawford,42725
Ohio,Cuyahoga,1263189
Ohio,Darke,52356
Ohio,Defiance,38669
Ohio,Delaware,185433
Ohio,Erie,76141
Ohio,Fairfield,149112
Ohio,Fayette,28769
Ohio,Franklin,1215761
Ohio,Fulton,42485
Ohio,Gallia,30565
Ohio,Geauga,93874
Ohio,Greene,164192
Ohio,Guernsey,39626
Ohio,Hamilton,804194
Ohio,Hancock,75428
Ohio,Hardin,31736
Ohio,Harrison,15633
Ohio,Henry,28015
Ohio,Highland,43170
Ohio,Hocking,28914
Ohio,Holmes,43436
Ohio,Huron,58937
Ohio,Jackson,32854
Ohio,Jefferson,68053
Ohio,Knox,61004
Ohio,Lake,229437
Ohio,Lawrence,61827
Ohio,Licking,168693
Ohio,Logan,45484
Ohio,Lorain,303152
Ohio,Lucas,436261
Ohio,Madison,43456
Ohio,Mahoning,234550
Ohio,Marion,65943
Ohio,Medina,174831
Ohio,Meigs,23473
Ohio,Mercer,40863
Ohio,Miami,103517
Ohio,Monroe,14547
Ohio,Montgomery,533763
Ohio,Morgan,14913
Ohio,Morrow,34996
Ohio,Muskingum,86016
Ohio,Noble,14508
Ohio,Ottawa,41162
Ohio,Paulding,19165
Ohio,Perry,36025
Ohio,Pickaway,56515
Ohio,Pike,28396
Ohio,Portage,161897
Ohio,Preble,41682
Ohio,Putnam,34184
Ohio,Richland,122312
Ohio,Ross,77334
Ohio,Sandusky,60187
Ohio,Scioto,78017
Ohio,Seneca,55929
Ohio,Shelby,49067
Ohio,Stark,374979
Ohio,Summit,541847
Ohio,Trumbull,206373
Ohio,Tuscarawas,92697
Ohio,Union,53470
Ohio,Van Wert,28576
Ohio,Vinton,13234
Ohio,Warren,219916
Ohio,Washington,61351
Ohio,Wayne,115371
Ohio,Williams,37386
Ohio,Wood,128885
Ohio,Wyandot,22467
Oklahoma,Adair,22236
Oklahoma,Alfalfa,5755
Oklahoma,Atoka,13906
Oklahoma,Beaver,5530
Oklahoma,Beckham,23300
Oklahoma,Blaine,9810
Oklahoma,Bryan,44003
Oklahoma,Caddo,29495
Oklahoma,Canadian,126193
Oklahoma,Carter,48442
Oklahoma,Cherokee,48097
Oklahoma,Choctaw,15120
Oklahoma,Cimarron,2341
Oklahoma,Cleveland,268614
Oklahoma,Coal,5812
Oklahoma,Comanche,125531
Oklahoma,Cotton,6112
Oklahoma,Craig,14744
Oklahoma,Creek,70761
Oklahoma,Custer,28978
Oklahoma,Delaware,41409
Oklahoma,Dewey,4863
Oklahoma,Ellis,4121
Oklahoma,Garfield,62192
Oklahoma,Garvin,27455
Oklahoma,Grady,53612
Oklahoma,Grant,4517
Oklahoma,Greer,6117
Oklahoma,Harmon,2866
Oklahoma,Harper,3766
Oklahoma,Haskell,12850
Oklahoma,Hughes,13785
Oklahoma,Jackson,26056
Oklahoma,Jefferson,6333
Oklahoma,Johnston,11022
Oklahoma,Kay,45587
Oklahoma,Kingfisher,15302
Oklahoma,Kiowa,9302
Oklahoma,Latimer,10774
Oklahoma,Le Flore,49899
Oklahoma,Lincoln,34504
Oklahoma,Logan,44493
Oklahoma,Love,9663
Oklahoma,McClain,36512
Oklahoma,McCurtain,33143
Oklahoma,McIntosh,20280
Oklahoma,Major,7700
Oklahoma,Marshall,16014
Oklahoma,Mayes,41007
Oklahoma,Murray,13733
Oklahoma,Muskogee,70224
Oklahoma,Noble,11506
Oklahoma,Nowata,10555
Oklahoma,Okfuskee,12248
Oklahoma,Oklahoma,754480
Oklahoma,Okmulgee,39446
Oklahoma,Osage,48054
Oklahoma,Ottawa,32085
Oklahoma,Pawnee,16499
Oklahoma,Payne,79423
Oklahoma,Pittsburg,44961
Oklahoma,Pontotoc,38055
Oklahoma,Pottawatomie,71136
Oklahoma,Pushmataha,11226
Oklahoma,Roger Mills,3780
Oklahoma,Rogers,89190
Oklahoma,Seminole,25481
Oklahoma,Sequoyah,41464
Oklahoma,Stephens,44806
Oklahoma,Texas,21588
Oklahoma,Tillman,7715
Oklahoma,Tulsa,623335
Oklahoma,Wagoner,75391
Oklahoma,Washington,51760
Oklahoma,Washita,11649
Oklahoma,Woods,9033
Oklahoma,Woodward,20986
Oregon,Baker,16052
Oregon,Benton,86495
Oregon,Clackamas,389438
Oregon,Clatsop,37382
Oregon,Columbia,49389
Oregon,Coos,62775
Oregon,Crook,20956
Oregon,Curry,22338
Oregon,Deschutes,166622
Oregon,Douglas,107194
Oregon,Gilliam,1883
Oregon,Grant,7276
Oregon,Harney,7229
Oregon,Hood River,22749
Oregon,Jackson,208363
Oregon,Jefferson,22061
Oregon,Josephine,83409
Oregon,Klamath,65972
Oregon,Lake,7842
Oregon,Lane,357060
Oregon,Lincoln,46347
Oregon,Linn,118971
Oregon,Malheur,30551
Oregon,Marion,323259
Oregon,Morrow,11204
Oregon,Multnomah,768418
Oregon,Polk,77264
Oregon,Sherman,1795
Oregon,Tillamook,25430
Oregon,Umatilla,76738
Oregon,Union,25745
Oregon,Wallowa,6857
Oregon,Wasco,25492
Oregon,Washington,556210
Oregon,Wheeler,1348
Oregon,Yamhill,101119
Pennsylvania,Adams,101767
Pennsylvania,Allegheny,1231145
Pennsylvania,Armstrong,67979
Pennsylvania,Beaver,169785
Pennsylvania,Bedford,49086
Pennsylvania,Berks,413965
Pennsylvania,Blair,126448
Pennsylvania,Bradford,62228
Pennsylvania,Bucks,626583
Pennsylvania,Butler,185689
Pennsylvania,Cambria,139381
Pennsylvania,Cameron,4869
Pennsylvania,Carbon,64634
Pennsylvania,Centre,157823
Pennsylvania,Chester,509797
Pennsylvania,Clarion,39454
Pennsylvania,Clearfield,81343
Pennsylvania,Clinton,39614
Pennsylvania,Columbia,66912
Pennsylvania,Crawford,87343
Pennsylvania,Cumberland,241427
Pennsylvania,Dauphin,271094
Pennsylvania,Delaware,561683
Pennsylvania,Elk,31370
Pennsylvania,Erie,279858
Pennsylvania,Fayette,134851
Pennsylvania,Forest,7581
Pennsylvania,Franklin,152285
Pennsylvania,Fulton,14694
Pennsylvania,Greene,37938
Pennsylvania,Huntingdon,45906
Pennsylvania,Indiana,87895
Pennsylvania,Jefferson,44756
Pennsylvania,Juniata,24829
Pennsylvania,Lackawanna,213459
Pennsylvania,Lancaster,530216
Pennsylvania,Lawrence,89162
Pennsylvania,Lebanon,135776
Pennsylvania,Lehigh,356756
Pennsylvania,Luzerne,320095
Pennsylvania,Lycoming,116656
Pennsylvania,McKean,42884
Pennsylvania,Mercer,115320
Pennsylvania,Mifflin,46675
Pennsylvania,Monroe,167881
Pennsylvania,Montgomery,812970
Pennsylvania,Montour,18508
Pennsylvania,Northampton,299616
Pennsylvania,Northumberland,94006
Pennsylvania,Perry,45677
Pennsylvania,Philadelphia,1555072
Pennsylvania,Pike,56632
Pennsylvania,Potter,17377
Pennsylvania,Schuylkill,146360
Pennsylvania,Snyder,40046
Pennsylvania,Somerset,76617
Pennsylvania,Sullivan,6381
Pennsylvania,Susquehanna,42369
Pennsylvania,Tioga,42284
Pennsylvania,Union,44958
Pennsylvania,Venango,53906
Pennsylvania,Warren,40962
Pennsylvania,Washington,208226
Pennsylvania,Wayne,51642
Pennsylvania,Westmoreland,361251
Pennsylvania,Wyoming,28147
Pennsylvania,York,439660
Rhode Island,Bristol,49176
Rhode Island,Kent,164958
Rhode Island,Newport,82663
Rhode Island,Providence,630459
Rhode Island,Washington,126405
South Carolina,Abbeville,24997
South Carolina,Aiken,163908
South Carolina,Allendale,9838
South Carolina,Anderson,191215
South Carolina,Bamberg,15432
South Carolina,Barnwell,22098
South Carolina,Beaufort,171420
South Carolina,Berkeley,193613
South Carolina,Calhoun,14958
South Carolina,Charleston,372904
South Carolina,Cherokee,55863
South Carolina,Chester,32556
South Carolina,Chesterfield,46192
South Carolina,Clarendon,34178
South Carolina,Colleton,38004
South Carolina,Darlington,67922
South Carolina,Dillon,31435
South Carolina,Dorchester,145715
South Carolina,Edgefield,26466
South Carolina,Fairfield,23108
South Carolina,Florence,138330
South Carolina,Georgetown,60572
South Carolina,Greenville,474903
South Carolina,Greenwood,69771
South Carolina,Hampton,20473
South Carolina,Horry,290730
South Carolina,Jasper,26549
South Carolina,Kershaw,62722
South Carolina,Lancaster,81263
South Carolina,Laurens,66389
South Carolina,Lee,18461
South Carolina,Lexington,273843
South Carolina,McCormick,9895
South Carolina,Marion,32167
South Carolina,Marlboro,27993
South Carolina,Newberry,37690
South Carolina,Oconee,74949
South Carolina,Orangeburg,90575
South Carolina,Pickens,120124
South Carolina,Richland,397899
South Carolina,Saluda,20000
South Carolina,Spartanburg,291240
South Carolina,Sumter,107777
South Carolina,Union,28125
South Carolina,Williamsburg,33238
South Carolina,York,240076
South Dakota,Aurora,2729
South Dakota,Beadle,18168
South Dakota,Bennett,3438
South Dakota,Bon Homme,7013
South Dakota,Brookings,33046
South Dakota,Brown,38060
South Dakota,Brule,5330
South Dakota,Buffalo,2038
South Dakota,Butte,10292
South Dakota,Campbell,1548
South Dakota,Charles Mix,9239
South Dakota,Clark,3625
South Dakota,Clay,14011
South Dakota,Codington,27750
South Dakota,Corson,4149
South Dakota,Custer,8394
South Dakota,Davison,19787
South Dakota,Day,5618
South Dakota,Deuel,4341
South Dakota,Dewey,5579
South Dakota,Douglas,2973
South Dakota,Edmunds,4018
South Dakota,Fall River,6906
South Dakota,Faulk,2359
South Dakota,Grant,7227
South Dakota,Gregory,4226
South Dakota,Haakon,2083
South Dakota,Hamlin,5982
South Dakota,Hand,3375
South Dakota,Hanson,3386
South Dakota,Harding,1328
South Dakota,Hughes,17466
South Dakota,Hutchinson,7226
South Dakota,Hyde,1413
South Dakota,Jackson,3237
South Dakota,Jerauld,2031
South Dakota,Jones,781
South Dakota,Kingsbury,5107
South Dakota,Lake,12086
South Dakota,Lawrence,24645
South Dakota,Lincoln,49874
South Dakota,Lyman,3837
South Dakota,McCook,5613
South Dakota,McPherson,2263
South Dakota,Marshall,4701
South Dakota,Meade,26381
South Dakota,Mellette,2086
South Dakota,Miner,2306
South Dakota,Minnehaha,178942
South Dakota,Moody,6439
South Dakota,Oglala Lakota,14153
South Dakota,Pennington,106085
South Dakota,Perkins,2981
South Dakota,Potter,2307
South Dakota,Roberts,10318
South Dakota,Sanborn,2339
South Dakota,Spink,6570
South Dakota,Stanley,2962
South Dakota,Sully,1469
South Dakota,Todd,9942
South Dakota,Tripp,5504
South Dakota,Turner,8302
South Dakota,Union,14842
South Dakota,Walworth,5495
South Dakota,Yankton,22636
South Dakota,Ziebach,2833
Tennessee,Anderson,75430
Tennessee,Bedford,45986
Tennessee,Benton,16261
Tennessee,Bledsoe,13686
Tennessee,Blount,125188
Tennessee,Bradley,102062
Tennessee,Campbell,40176
Tennessee,Cannon,13787
Tennessee,Carroll,28353
Tennessee,Carter,56941
Tennessee,Cheatham,39422
Tennessee,Chester,17324
Tennessee,Claiborne,31748
Tennessee,Clay,7780
Tennessee,Cocke,35321
Tennessee,Coffee,53448
Tennessee,Crockett,14600
Tennessee,Cumberland,57455
Tennessee,Davidson,658506
Tennessee,Decatur,11686
Tennessee,DeKalb,19038
Tennessee,Dickson,50472
Tennessee,Dyer,38054
Tennessee,Fayette,38814
Tennessee,Fentress,17931
Tennessee,Franklin,41138
Tennessee,Gibson,49572
Tennessee,Giles,28949
Tennessee,Grainger,22736
Tennessee,Greene,68576
Tennessee,Grundy,13524
Tennessee,Hamblen,62999
Tennessee,Hamilton,348121
Tennessee,Hancock,6642
Tennessee,Hardeman,26253
Tennessee,Hardin,25900
Tennessee,Hawkins,56595
Tennessee,Haywood,18248
Tennessee,Henderson,28013
Tennessee,Henry,32269
Tennessee,Hickman,24283
Tennessee,Houston,8290
Tennessee,Humphreys,18240
Tennessee,Jackson,11496
Tennessee,Jefferson,52490
Tennessee,Johnson,18017
Tennessee,Knox,444348
Tennessee,Lake,7687
Tennessee,Lauderdale,27427
Tennessee,Lawrence,42226
Tennessee,Lewis,11944
Tennessee,Lincoln,33550
Tennessee,Loudon,50229
Tennessee,McMinn,52506
Tennessee,McNairy,26103
Tennessee,Macon,22761
Tennessee,Madison,98184
Tennessee,Marion,28306
Tennessee,Marshall,31159
Tennessee,Maury,84089
Tennessee,Meigs,11716
Tennessee,Monroe,45293
Tennessee,Montgomery,185980
Tennessee,Moore,6351
Tennessee,Morgan,21794
Tennessee,Obion,31129
Tennessee,Overton,22100
Tennessee,Perry,7864
Tennessee,Pickett,5097
Tennessee,Polk,16687
Tennessee,Putnam,73810
Tennessee,Rhea,32394
Tennessee,Roane,53162
Tennessee,Robertson,67426
Tennessee,Rutherford,282558
Tennessee,Scott,22043
Tennessee,Sequatchie,14592
Tennessee,Sevier,93617
Tennessee,Shelby,937750
Tennessee,Smith,19136
Tennessee,Stewart,13286
Tennessee,Sullivan,156752
Tennessee,Sumner,169623
Tennessee,Tipton,61674
Tennessee,Trousdale,7884
Tennessee,Unicoi,18069
Tennessee,Union,19096
Tennessee,Van Buren,5596
Tennessee,Warren,40015
Tennessee,Washington,125317
Tennessee,Wayne,16897
Tennessee,Weakley,34415
Tennessee,White,26252
Tennessee,Williamson,199456
Tennessee,Wilson,122445
Texas,Anderson,57915
Texas,Andrews,16775
Texas,Angelina,87748
Texas,Aransas,24292
Texas,Archer,8779
Texas,Armstrong,1943
Texas,Atascosa,47050
Texas,Austin,28886
Texas,Bailey,7126
Texas,Bandera,20796
Texas,Bastrop,76948
Texas,Baylor,3628
Texas,Bee,32659
Texas,Bell,326041
Texas,Bexar,1825502
Texas,Blanco,10723
Texas,Borden,705
Texas,Bosque,17971
Texas,Bowie,93155
Texas,Brazoria,331741
Texas,Brazos,205271
Texas,Brewster,9235
Texas,Briscoe,1670
Texas,Brooks,7221
Texas,Brown,37833
Texas,Burleson,17293
Texas,Burnet,44144
Texas,Caldwell,39347
Texas,Calhoun,21666
Texas,Callahan,13532
Texas,Cameron,417947
Texas,Camp,12516
Texas,Carson,6068
Texas,Cass,30328
Texas,Castro,7948
Texas,Chambers,37251
Texas,Cherokee,51167
Texas,Childress,7059
Texas,Clay,10479
Texas,Cochran,2993
Texas,Coke,3238
Texas,Coleman,8536
Texas,Collin,862215
Texas,Collingsworth,3058
Texas,Colorado,20757
Texas,Comal,119632
Texas,Comanche,13623
Texas,Concho,4086
Texas,Cooke,38761
Texas,Coryell,76128
Texas,Cottle,1510
Texas,Crane,4730
Texas,Crockett,3699
Texas,Crosby,6007
Texas,Culberson,2296
Texas,Dallam,7014
Texas,Dallas,2485003
Texas,Dawson,13542
Texas,Deaf Smith,19245
Texas,Delta,5223
Texas,Denton,731851
Texas,DeWitt,20540
Texas,Dickens,2281
Texas,Dimmit,10682
Texas,Donley,3588
Texas,Duval,11577
Texas,Eastland,18328
Texas,Ector,149557
Texas,Edwards,1906
Texas,Ellis,157058
Texas,El Paso,831095
Texas,Erath,40039
Texas,Falls,17410
Texas,Fannin,33748
Texas,Fayette,24849
Texas,Fisher,3858
Texas,Floyd,6178
Texas,Foard,1197
Texas,Fort Bend,658331
Texas,Franklin,10599
Texas,Freestone,19586
Texas,Frio,18168
Texas,Gaines,18916
Texas,Galveston,308163
Texas,Garza,6410
Texas,Gillespie,25398
Texas,Glasscock,1180
Texas,Goliad,7410
Texas,Gonzales,20172
Texas,Gray,22983
Texas,Grayson,122780
Texas,Gregg,123178
Texas,Grimes,26961
Texas,Guadalupe,143460
Texas,Hale,35504
Texas,Hall,3203
Texas,Hamilton,8266
Texas,Hansford,5559
Texas,Hardeman,3992
Texas,Hardin,55375
Texas,Harris,4356362
Texas,Harrison,66417
Texas,Hartley,6121
Texas,Haskell,5853
Texas,Hays,177562
Texas,Hemphill,4115
Texas,Henderson,79016
Texas,Hidalgo,819217
Texas,Hill,34923
Texas,Hockley,23322
Texas,Hood,53171
Texas,Hopkins,35645
Texas,Houston,22949
Texas,Howard,36105
Texas,Hudspeth,3330
Texas,Hunt,88052
Texas,Hutchinson,21858
Texas,Irion,1644
Texas,Jack,8946
Texas,Jackson,14486
Texas,Jasper,35768
Texas,Jeff Davis,2232
Texas,Jefferson,252872
Texas,Jim Hogg,5239
Texas,Jim Wells,41461
Texas,Johnson,155450
Texas,Jones,19978
Texas,Karnes,14879
Texas,Kaufman,109289
Texas,Kendall,37361
Texas,Kenedy,565
Texas,Kent,821
Texas,Kerr,50149
Texas,Kimble,4486
Texas,King,267
Texas,Kinney,3577
Texas,Kleberg,32029
Texas,Knox,3796
Texas,Lamar,49566
Texas,Lamb,13742
Texas,Lampasas,20219
Texas,La Salle,7191
Texas,Lavaca,19549
Texas,Lee,16664
Texas,Leon,16819
Texas,Liberty,77486
Texas,Limestone,23454
Texas,Lipscomb,3483
Texas,Live Oak,11873
Texas,Llano,19323
Texas,Loving,117
Texas,Lubbock,290782
Texas,Lynn,5764
Texas,McCulloch,8273
Texas,McLennan,241505
Texas,McMullen,778
Texas,Madison,13838
Texas,Marion,10248
Texas,Martin,5252
Texas,Mason,4066
Texas,Matagorda,36598
Texas,Maverick,56548
Texas,Medina,47392
Texas,Menard,2182
Texas,Midland,151290
Texas,Milam,24344
Texas,Mills,4875
Texas,Mitchell,9169
Texas,Montague,19478
Texas,Montgomery,502586
Texas,Moore,22281
Texas,Morris,12700
Texas,Motley,1071
Texas,Nacogdoches,65531
Texas,Navarro,48118
Texas,Newton,14231
Texas,Nolan,15061
Texas,Nueces,352060
Texas,Ochiltree,10642
Texas,Oldham,2071
Texas,Orange,83217
Texas,Palo Pinto,27921
Texas,Panola,23900
Texas,Parker,121418
Texas,Parmer,10004
Texas,Pecos,15807
Texas,Polk,46113
Texas,Potter,122352
Texas,Presidio,7304
Texas,Rains,11037
Texas,Randall,126782
Texas,Reagan,3598
Texas,Real,3356
Texas,Red River,12567
Texas,Reeves,14179
Texas,Refugio,7277
Texas,Roberts,931
Texas,Robertson,16532
Texas,Rockwall,85536
Texas,Runnels,10445
Texas,Rusk,53457
Texas,Sabine,10440
Texas,San Augustine,8695
Texas,San Jacinto,27023
Texas,San Patricio,66070
Texas,San Saba,5893
Texas,Schleicher,3224
Texas,Scurry,17238
Texas,Shackelford,3352
Texas,Shelby,25725
Texas,Sherman,3066
Texas,Smith,217552
Texas,Somervell,8608
Texas,Starr,62648
Texas,Stephens,9452
Texas,Sterling,1346
Texas,Stonewall,1414
Texas,Sutton,3966
Texas,Swisher,7713
Texas,Tarrant,1914526
Texas,Taylor,134435
Texas,Terrell,921
Texas,Terry,12687
Texas,Throckmorton,1545
Texas,Titus,32553
Texas,Tom Green,115056
Texas,Travis,1121645
Texas,Trinity,14405
Texas,Tyler,21462
Texas,Upshur,40096
Texas,Upton,3405
Texas,Uvalde,26952
Texas,Val Verde,48980
Texas,Van Zandt,52736
Texas,Victoria,90099
Texas,Walker,69330
Texas,Waller,45847
Texas,Ward,11225
Texas,Washington,34236
Texas,Webb,263251
Texas,Wharton,41264
Texas,Wheeler,5618
Texas,Wichita,131957
Texas,Wilbarger,13158
Texas,Willacy,22002
Texas,Williamson,473592
Texas,Wilson,45509
Texas,Winkler,7576
Texas,Wise,61243
Texas,Wood,42712
Texas,Yoakum,8213
Texas,Young,18329
Texas,Zapata,14308
Texas,Zavala,12060
Utah,Beaver,6461
Utah,Box Elder,50991
Utah,Cache,117449
Utah,Carbon,20927
Utah,Daggett,776
Utah,Davis,323374
Utah,Duchesne,19817
Utah,Emery,10728
Utah,Garfield,5069
Utah,Grand,9388
Utah,Iron,47139
Utah,Juab,10400
Utah,Kane,7202
Utah,Millard,12582
Utah,Morgan,10276
Utah,Piute,1865
Utah,Rich,2292
Utah,Salt Lake,1078958
Utah,San Juan,15152
Utah,Sanpete,28261
Utah,Sevier,20871
Utah,Summit,38521
Utah,Tooele,60893
Utah,Uintah,35721
Utah,Utah,551957
Utah,Wasatch,26661
Utah,Washington,148244
Utah,Wayne,2722
Utah,Weber,238682
Vermont,Addison,36943
Vermont,Bennington,36589
Vermont,Caledonia,31012
Vermont,Chittenden,159711
Vermont,Essex,6207
Vermont,Franklin,48418
Vermont,Grand Isle,6952
Vermont,Lamoille,25027
Vermont,Orange,28929
Vermont,Orleans,27146
Vermont,Rutland,60530
Vermont,Washington,59132
Vermont,Windham,43858
Vermont,Windsor,56150
Virginia,Accomack,33115
Virginia,Albemarle,103108
Virginia,Alleghany,16066
Virginia,Amelia,12777
Virginia,Amherst,32148
Virginia,Appomattox,15208
Virginia,Arlington,223945
Virginia,Augusta,74053
Virginia,Bath,4583
Virginia,Bedford,76463
Virginia,Bland,6662
Virginia,Botetourt,33155
Virginia,Brunswick,16930
Virginia,Buchanan,23486
Virginia,Buckingham,17068
Virginia,Campbell,55012
Virginia,Caroline,29349
Virginia,Carroll,29856
Virginia,Charles City,7118
Virginia,Charlotte,12313
Virginia,Chesterfield,328176
Virginia,Clarke,14299
Virginia,Craig,5212
Virginia,Culpeper,48424
Virginia,Cumberland,9859
Virginia,Dickenson,15463
Virginia,Dinwiddie,28110
Virginia,Essex,11151
Virginia,Fairfax,1128722
Virginia,Fauquier,67463
Virginia,Floyd,15523
Virginia,Fluvanna,26014
Virginia,Franklin,56315
Virginia,Frederick,81340
Virginia,Giles,16907
Virginia,Gloucester,37001
Virginia,Goochland,21721
Virginia,Grayson,15573
Virginia,Greene,18938
Virginia,Greensville,11760
Virginia,Halifax,35506
Virginia,Hanover,101340
Virginia,Henrico,318864
Virginia,Henry,52580
Virginia,Highland,2244
Virginia,Isle of Wight,35740
Virginia,James City,70673
Virginia,King and Queen,7106
Virginia,King George,24933
Virginia,King William,16097
Virginia,Lancaster,11129
Virginia,Lee,25206
Virginia,Loudoun,351129
Virginia,Louisa,33986
Virginia,Lunenburg,12558
Virginia,Madison,13147
Virginia,Mathews,8880
Virginia,Mecklenburg,31555
Virginia,Middlesex,10717
Virginia,Montgomery,96467
Virginia,Nelson,14858
Virginia,New Kent,19560
Virginia,Northampton,12184
Virginia,Northumberland,12304
Virginia,Nottoway,15711
Virginia,Orange,34596
Virginia,Page,23843
Virginia,Patrick,18264
Virginia,Pittsylvania,62794
Virginia,Powhatan,28207
Virginia,Prince Edward,23022
Virginia,Prince George,37380
Virginia,Prince William,437271
Virginia,Pulaski,34528
Virginia,Rappahannock,7431
Virginia,Richmond,8989
Virginia,Roanoke,93633
Virginia,Rockbridge,22444
Virginia,Rockingham,77785
Virginia,Russell,28245
Virginia,Scott,22570
Virginia,Shenandoah,42724
Virginia,Smyth,31734
Virginia,Southampton,18410
Virginia,Spotsylvania,127691
Virginia,Stafford,137145
Virginia,Surry,6823
Virginia,Sussex,11864
Virginia,Tazewell,43870
Virginia,Warren,38481
Virginia,Washington,54759
Virginia,Westmoreland,17557
Virginia,Wise,40530
Virginia,Wythe,29190
Virginia,York,66471
Virginia,Alexandria city,149315
Virginia,Bristol city,17524
Virginia,Buena Vista city,6666
Virginia,Charlottesville city,45084
Virginia,Chesapeake city,230601
Virginia,Colonial Heights city,17515
Virginia,Covington city,5736
Virginia,Danville city,42450
Virginia,Emporia city,5672
Virginia,Fairfax city,23402
Virginia,Falls Church city,13308
Virginia,Franklin city,8457
Virginia,Fredericksburg city,27395
Virginia,Galax city,6876
Virginia,Hampton city,137081
Virginia,Harrisonburg city,51388
Virginia,Hopewell city,22279
Virginia,Lexington city,7071
Virginia,Lynchburg city,78158
Virginia,Manassas city,40743
Virginia,Manassas Park city,15625
Virginia,Martinsville city,13624
Virginia,Newport News city,181323
Virginia,Norfolk city,245452
Virginia,Norton city,4007
Virginia,Petersburg city,32123
Virginia,Poquoson city,12077
Virginia,Portsmouth city,96135
Virginia,Radford city,17057
Virginia,Richmond city,213735
Virginia,Roanoke city,98736
Virginia,Salem city,25165
Virginia,Staunton city,24193
Virginia,Suffolk city,86184
Virginia,Virginia Beach city,448290
Virginia,Waynesboro city,21150
Virginia,Williamsburg city,14754
Virginia,Winchester city,27168
Washington,Adams,19081
Washington,Asotin,22040
Washington,Benton,184930
Washington,Chelan,74267
Washington,Clallam,72397
Washington,Clark,444506
Washington,Columbia,3989
Washington,Cowlitz,102338
Washington,Douglas,39599
Washington,Ferry,7652
Washington,Franklin,86443
Washington,Garfield,2230
Washington,Grant,92070
Washington,Grays Harbor,71419
Washington,Island,79329
Washington,Jefferson,30083
Washington,King,2045756
Washington,Kitsap,255441
Washington,Kittitas,42204
Washington,Klickitat,20820
Washington,Lewis,75515
Washington,Lincoln,10363
Washington,Mason,60791
Washington,Okanogan,41332
Washington,Pacific,20645
Washington,Pend Oreille,12968
Washington,Pierce,821952
Washington,San Juan,15956
Washington,Skagit,119343
Washington,Skamania,11243
Washington,Snohomish,746653
Washington,Spokane,480832
Washington,Stevens,43548
Washington,Thurston,262723
Washington,Wahkiakum,4035
Washington,Walla Walla,59726
Washington,Whatcom,207100
Washington,Whitman,46737
Washington,Yakima,247408
West Virginia,Barbour,16731
West Virginia,Berkeley,108724
West Virginia,Boone,24000
West Virginia,Braxton,14466
West Virginia,Brooke,23665
West Virginia,Cabell,96824
West Virginia,Calhoun,7557
West Virginia,Clay,9141
West Virginia,Doddridge,8201
West Virginia,Fayette,45534
West Virginia,Gilmer,8644
West Virginia,Grant,11815
West Virginia,Greenbrier,35666
West Virginia,Hampshire,23542
West Virginia,Hancock,30201
West Virginia,Hardy,13936
West Virginia,Harrison,68998
West Virginia,Jackson,29256
West Virginia,Jefferson,55214
West Virginia,Kanawha,190781
West Virginia,Lewis,16434
West Virginia,Lincoln,21560
West Virginia,Logan,35760
West Virginia,McDowell,20802
West Virginia,Marion,56790
West Virginia,Marshall,32480
West Virginia,Mason,27177
West Virginia,Mercer,61891
West Virginia,Mineral,27755
West Virginia,Mingo,25931
West Virginia,Monongalia,101668
West Virginia,Monroe,13525
West Virginia,Morgan,17475
West Virginia,Nicholas,25930
West Virginia,Ohio,43637
West Virginia,Pendleton,7402
West Virginia,Pleasants,7636
West Virginia,Pocahontas,8697
West Virginia,Preston,33809
West Virginia,Putnam,56596
West Virginia,Raleigh,78493
West Virginia,Randolph,29365
West Virginia,Ritchie,10140
West Virginia,Roane,14636
West Virginia,Summers,13544
West Virginia,Taylor,16977
West Virginia,Tucker,6972
West Virginia,Tyler,9033
West Virginia,Upshur,24560
West Virginia,Wayne,41499
West Virginia,Webster,8927
West Virginia,Wetzel,16157
West Virginia,Wirt,5841
West Virginia,Wood,86559
West Virginia,Wyoming,22866
Wisconsin,Adams,20451
Wisconsin,Ashland,15993
Wisconsin,Barron,45686
Wisconsin,Bayfield,15050
Wisconsin,Brown,254717
Wisconsin,Buffalo,13319
Wisconsin,Burnett,15334
Wisconsin,Calumet,49678
Wisconsin,Chippewa,63209
Wisconsin,Clark,34518
Wisconsin,Columbia,56607
Wisconsin,Crawford,16483
Wisconsin,Dane,510198
Wisconsin,Dodge,88547
Wisconsin,Door,27731
Wisconsin,Douglas,43799
Wisconsin,Dunn,44159
Wisconsin,Eau Claire,101281
Wisconsin,Florence,4476
Wisconsin,Fond du Lac,101920
Wisconsin,Forest,9150
Wisconsin,Grant,51489
Wisconsin,Green,37044
Wisconsin,Green Lake,18966
Wisconsin,Iowa,23769
Wisconsin,Iron,5907
Wisconsin,Jackson,20543
Wisconsin,Jefferson,84345
Wisconsin,Juneau,26494
Wisconsin,Kenosha,167738
Wisconsin,Kewaunee,20483
Wisconsin,La Crosse,117048
Wisconsin,Lafayette,16835
Wisconsin,Langlade,19551
Wisconsin,Lincoln,28286
Wisconsin,Manitowoc,80521
Wisconsin,Marathon,135177
Wisconsin,Marinette,41287
Wisconsin,Marquette,15140
Wisconsin,Menominee,4451
Wisconsin,Milwaukee,955939
Wisconsin,Monroe,45274
Wisconsin,Oconto,37476
Wisconsin,Oneida,35653
Wisconsin,Outagamie,180430
Wisconsin,Ozaukee,87273
Wisconsin,Pepin,7372
Wisconsin,Pierce,40799
Wisconsin,Polk,43572
Wisconsin,Portage,70432
Wisconsin,Price,13800
Wisconsin,Racine,194895
Wisconsin,Richland,17746
Wisconsin,Rock,160727
Wisconsin,Rusk,14357
Wisconsin,St. Croix,86118
Wisconsin,Sauk,62992
Wisconsin,Sawyer,16483
Wisconsin,Shawano,41563
Wisconsin,Sheboygan,115226
Wisconsin,Taylor,20569
Wisconsin,Trempealeau,29412
Wisconsin,Vernon,30279
Wisconsin,Vilas,21355
Wisconsin,Walworth,103039
Wisconsin,Washburn,15700
Wisconsin,Washington,132921
Wisconsin,Waukesha,393873
Wisconsin,Waupaca,52125
Wisconsin,Waushara,24321
Wisconsin,Winnebago,169004
Wisconsin,Wood,74012
Wyoming,Albany,37565
Wyoming,Big Horn,11895
Wyoming,Campbell,48013
Wyoming,Carbon,15739
Wyoming,Converse,14101
Wyoming,Crook,7229
Wyoming,Fremont,40755
Wyoming,Goshen,13544
Wyoming,Hot Springs,4809
Wyoming,Johnson,8600
Wyoming,Laramie,95431
Wyoming,Lincoln,18316
Wyoming,Natrona,80011
Wyoming,Niobrara,2516
Wyoming,Park,28985
Wyoming,Platte,8750
Wyoming,Sheridan,29738
Wyoming,Sublette,10117
Wyoming,Sweetwater,44772
Wyoming,Teton,22311
Wyoming,Uinta,20930
Wyoming,Washakie,8400
Wyoming,Weston,7152
